<?xml version="1.0" encoding="UTF-8"?>
<Configuration>
    <Appenders>
        <Console name="Console" target="SYSTEM_OUT">
            <PatternLayout
                pattern="%style{%d{ISO8601}}{black} %highlight{%-5level }[%style{%t}{bright,blue}] %style{%C{1.}}{bright,yellow}: %msg%n%throwable" />
        </Console>
 
        <RollingFile name="Server"
            fileName="/appl/IBM/WebSphere/AppServer/profiles/ApzUatProf01/logs/server1/mdes-server.log"
            filePattern="/appl/IBM/WebSphere/AppServer/profiles/ApzUatProf01/logs/server1/mdes-server-%d{-dd-MMMM-yyyy}-%i.log.gz">
            <PatternLayout>
                <pattern>%d %p %C{1.} [%t] %m%n</pattern>
            </PatternLayout>
            <Policies>
                <!-- rollover on startup, daily and when the file reaches 
                    10 MegaBytes -->
                <OnStartupTriggeringPolicy />
                <SizeBasedTriggeringPolicy
                    size="10 MB" />
                <TimeBasedTriggeringPolicy />
            </Policies>
        </RollingFile>
        
        <RollingFile name="Code"
            fileName="/appl/IBM/WebSphere/AppServer/profiles/ApzUatProf01/logs/server1/mdes-service.log"
            filePattern="/appl/IBM/WebSphere/AppServer/profiles/ApzUatProf01/logs/server1/mdes-service-%d{-dd-MMMM-yyyy}-%i.log.gz">
            <PatternLayout>
                <pattern>%d %p %C{1.} [%t] %m%n</pattern>
            </PatternLayout>
            <Policies>
                <!-- rollover on startup, daily and when the file reaches 
                    10 MegaBytes -->
                <OnStartupTriggeringPolicy />
                <SizeBasedTriggeringPolicy
                    size="10 MB" />
                <TimeBasedTriggeringPolicy />
            </Policies>
        </RollingFile>
    </Appenders>
 
    <Loggers>
        <!-- LOG everything at INFO level -->
        <Root level="info">
        	<AppenderRef ref="Console" />
            <AppenderRef ref="Server" />
        </Root>
 
        <!-- LOG "com.adcb*" at DEBUG level -->
        <Logger name="com.adcb" level="DEBUG">
        	<AppenderRef ref="Code" />
        </Logger>
    </Loggers>
 
</Configuration>